<?xml version="1.0" encoding="UTF-8"?>
<rss version="2.0" xmlns:ror="http://rorweb.com/0.1/" >
<channel>
  <title>ROR Sitemap for https://marvin-brouwer.github.io/QR-Reader/</title>
  <link>https://marvin-brouwer.github.io/QR-Reader/</link>

<item>
     <link>https://marvin-brouwer.github.io/QR-Reader/</link>
     <title>QR-Reader</title>
     <description>QR-Reader</description>
     <ror:updatePeriod>never</ror:updatePeriod>
     <ror:sortOrder>0</ror:sortOrder>
     <ror:resourceOf>sitemap</ror:resourceOf>
</item>
</channel>
</rss>
  